step,loss,lr,tok_s,vram_mb,CrossEntropy,RouterAuxLoss,RouterZLoss,Total
0,10.05553913116455,1.4999999999999998e-06,360,1917.659648,9.816398620605469,0.2364385426044464,0.002701461547985673,10.05553913116455
1,10.147809982299805,2.9999999999999997e-06,685,1916.447232,9.885489463806152,0.2596144676208496,0.0027062203735113144,10.147809982299805
2,10.069311141967773,4.499999999999999e-06,977,1923.648,9.829635620117188,0.23697420954704285,0.002702071564272046,10.069311141967773
3,10.07509994506836,5.999999999999999e-06,1245,1921.092608,9.833219528198242,0.23918262124061584,0.002698199125006795,10.07509994506836
4,10.066376686096191,7.499999999999999e-06,1491,1920.457216,9.8277587890625,0.23591811954975128,0.0026994284708052874,10.066376686096191
5,10.053135871887207,8.999999999999999e-06,1718,1917.756416,9.821990966796875,0.22844547033309937,0.0027001630514860153,10.053135871887207
6,10.089900970458984,1.05e-05,1930,1919.851008,9.843758583068848,0.24344104528427124,0.0027016063686460257,10.089900970458984
7,9.995732307434082,1.1999999999999999e-05,2127,1916.967936,9.765716552734375,0.22731569409370422,0.002699535572901368,9.995732307434082
8,9.985783576965332,1.3499999999999998e-05,2311,1915.86304,9.759124755859375,0.22396022081375122,0.0026988007593899965,9.985783576965332
9,9.93527603149414,1.4999999999999999e-05,2483,1918.655488,9.696477890014648,0.2360994815826416,0.0026985080912709236,9.93527603149414
10,9.931168556213379,1.6499999999999998e-05,2643,1919.670784,9.708660125732422,0.2198120504617691,0.002695634262636304,9.931168556213379
11,9.87987995147705,1.7999999999999997e-05,2792,1917.508096,9.651317596435547,0.22586549818515778,0.002696582581847906,9.87987995147705
12,9.916844367980957,1.95e-05,2932,1915.414528,9.676735877990723,0.23741057515144348,0.002697964431717992,9.916844367980957
13,9.721467018127441,2.1e-05,3066,1918.662144,9.4614839553833,0.25728580355644226,0.002697047544643283,9.721467018127441
14,9.746061325073242,2.2499999999999998e-05,3193,1919.002624,9.506669998168945,0.23669692873954773,0.0026939220260828733,9.746061325073242
15,9.801801681518555,2.3999999999999997e-05,3312,1919.589376,9.568202018737793,0.23089995980262756,0.0026999886613339186,9.801801681518555
16,9.744083404541016,2.55e-05,3424,1918.147072,9.488033294677734,0.253354549407959,0.0026954275090247393,9.744083404541016
17,9.585708618164062,2.6999999999999996e-05,3534,1917.45536,9.333749771118164,0.24926698207855225,0.002692306647077203,9.585708618164062
18,9.541435241699219,2.8499999999999998e-05,3635,1922.704384,9.315550804138184,0.2231929749250412,0.002691349247470498,9.541435241699219
19,9.512454986572266,2.9999999999999997e-05,3731,1920.280064,9.275429725646973,0.2343364655971527,0.002688724547624588,9.512454986572266
20,9.45219612121582,3.149999999999999e-05,3819,1921.230848,9.226876258850098,0.22263002395629883,0.002689708024263382,9.45219612121582
21,9.3719482421875,3.2999999999999996e-05,3906,1918.04928,9.142037391662598,0.22722621262073517,0.0026848430279642344,9.3719482421875
22,9.274168968200684,3.45e-05,3991,1916.886016,9.051023483276367,0.22046104073524475,0.0026847142726182938,9.274168968200684
23,9.204370498657227,3.5999999999999994e-05,4071,1918.835712,8.98033332824707,0.22135227918624878,0.0026847755070775747,9.204370498657227
24,9.18988037109375,3.75e-05,4147,1916.607488,8.959541320800781,0.22765406966209412,0.0026841924991458654,9.18988037109375
25,9.19685173034668,3.9e-05,4220,1917.703168,8.97750473022461,0.21666240692138672,0.0026848462875932455,9.19685173034668
26,9.160845756530762,4.05e-05,4289,1915.600384,8.934637069702148,0.22352443635463715,0.0026841650251299143,9.160845756530762
27,8.994032859802246,4.2e-05,4355,1918.790656,8.761207580566406,0.23014327883720398,0.0026818846818059683,8.994032859802246
28,8.909963607788086,4.3499999999999993e-05,4418,1920.781312,8.691061019897461,0.21622148156166077,0.002680409699678421,8.909963607788086
29,9.007630348205566,4.4999999999999996e-05,4478,1919.312896,8.796180725097656,0.20876877009868622,0.0026803507935255766,9.007630348205566
30,8.910056114196777,4.65e-05,4538,1921.309696,8.692615509033203,0.21476119756698608,0.0026797440368682146,8.910056114196777
31,8.929638862609863,4.7999999999999994e-05,4594,1922.301952,8.706928253173828,0.22003041207790375,0.0026801747735589743,8.929638862609863
32,8.859334945678711,4.95e-05,4651,1920.113664,8.641717910766602,0.21493679285049438,0.002680040430277586,8.859334945678711
33,9.189760208129883,5.1e-05,4703,1923.111936,8.957351684570312,0.22972649335861206,0.002682147780433297,9.189760208129883
34,9.002891540527344,5.2499999999999995e-05,4753,1924.242432,8.782938003540039,0.2172727882862091,0.0026805768720805645,9.002891540527344
35,8.883822441101074,5.399999999999999e-05,4803,1920.652288,8.663488388061523,0.21765311062335968,0.0026803428772836924,8.883822441101074
36,8.765340805053711,5.5499999999999994e-05,4852,1918.533632,8.546415328979492,0.21624526381492615,0.0026799868792295456,8.765340805053711
37,8.72713565826416,5.6999999999999996e-05,4897,1918.721024,8.500995635986328,0.22345998883247375,0.00268022739328444,8.72713565826416
38,8.621179580688477,5.85e-05,4940,1917.66528,8.402862548828125,0.21563756465911865,0.002679693978279829,8.621179580688477
39,8.656874656677246,5.9999999999999995e-05,4983,1919.159296,8.43709945678711,0.21709497272968292,0.0026795014273375273,8.656874656677246
40,8.593499183654785,6.149999999999999e-05,5026,1918.441984,8.379472732543945,0.21134662628173828,0.002679432276636362,8.593499183654785
41,8.584357261657715,6.299999999999999e-05,5066,1918.957568,8.367180824279785,0.21449628472328186,0.002679449738934636,8.584357261657715
42,8.684539794921875,6.45e-05,5105,1920.556032,8.466976165771484,0.21488423645496368,0.0026795146986842155,8.684539794921875
43,8.55324935913086,6.599999999999999e-05,5143,1919.705088,8.312472343444824,0.23809508979320526,0.0026815698947757483,8.55324935913086
44,8.574578285217285,6.75e-05,5180,1918.147584,8.351228713989258,0.22067005932331085,0.0026797091122716665,8.574578285217285
45,8.539647102355957,6.9e-05,5215,1918.278656,8.32670783996582,0.21025998890399933,0.002679217141121626,8.539647102355957
46,8.587390899658203,7.049999999999999e-05,5250,1921.063936,8.369661331176758,0.21505092084407806,0.002679206198081374,8.587390899658203
47,8.377554893493652,7.199999999999999e-05,5282,1920.075776,8.156749725341797,0.21812677383422852,0.0026791300624608994,8.377554893493652
48,8.54602336883545,7.35e-05,5312,1918.934016,8.327470779418945,0.21587403118610382,0.002679221099242568,8.54602336883545
49,8.453697204589844,7.5e-05,5343,1918.009344,8.236003875732422,0.21501393616199493,0.0026798697654157877,8.453697204589844
50,8.490062713623047,7.649999999999999e-05,5374,1917.419008,8.266491889953613,0.22089147567749023,0.002679966390132904,8.490062713623047
51,8.449475288391113,7.8e-05,5405,1918.770176,8.232807159423828,0.21398836374282837,0.0026796660386025906,8.449475288391113
52,8.362445831298828,7.95e-05,5434,1918.835712,8.147146224975586,0.21261943876743317,0.002680019475519657,8.362445831298828
53,8.096290588378906,8.1e-05,5464,1919.43424,7.8670573234558105,0.22655299305915833,0.0026800876948982477,8.096290588378906
54,8.273303031921387,8.25e-05,5492,1918.08,8.05459213256836,0.21602964401245117,0.0026806623209267855,8.273303031921387
55,8.197724342346191,8.4e-05,5520,1918.508032,7.980874061584473,0.21417008340358734,0.0026802108623087406,8.197724342346191
56,8.157276153564453,8.549999999999999e-05,5545,1917.453824,7.945583343505859,0.20901305973529816,0.002680037636309862,8.157276153564453
57,8.131032943725586,8.699999999999999e-05,5569,1918.81216,7.912809371948242,0.2155437022447586,0.002680299337953329,8.131032943725586
58,8.296248435974121,8.849999999999998e-05,5593,1917.606912,8.082155227661133,0.21141238510608673,0.002680384088307619,8.296248435974121
59,8.010791778564453,8.999999999999999e-05,5618,1917.606912,7.79831600189209,0.20979565382003784,0.0026800946798175573,8.010791778564453
60,7.974039077758789,9.149999999999999e-05,5640,1916.88192,7.7554931640625,0.21586501598358154,0.0026806830428540707,7.974039077758789
61,8.123194694519043,9.3e-05,5663,1917.502976,7.900565147399902,0.21994838118553162,0.002681182697415352,8.123194694519043
62,8.149310111999512,9.449999999999999e-05,5686,1919.54688,7.92061185836792,0.22601856291294098,0.002679776167497039,8.149310111999512
63,8.3859224319458,9.599999999999999e-05,5709,1918.803968,8.157683372497559,0.22555939853191376,0.0026801498606801033,8.3859224319458
64,7.848508358001709,9.75e-05,5731,1919.7184,7.6216511726379395,0.22417576611042023,0.0026811244897544384,7.848508358001709
65,8.069992065429688,9.9e-05,5754,1920.059392,7.844325542449951,0.22298568487167358,0.0026810839772224426,8.069992065429688
66,8.0104341506958,0.0001005,5772,1920.275456,7.790942668914795,0.21681062877178192,0.002680586650967598,8.0104341506958
67,8.313799858093262,0.000102,5791,1920.522752,8.079950332641602,0.23116739094257355,0.002682193648070097,8.313799858093262
68,7.91370964050293,0.00010349999999999998,5811,1920.58624,7.680363178253174,0.2306637465953827,0.002682709600776434,7.91370964050293
69,7.7375006675720215,0.00010499999999999999,5832,1920.623104,7.513901710510254,0.22091592848300934,0.002683124039322138,7.7375006675720215
70,7.741073131561279,0.00010649999999999999,5851,1919.982592,7.522491931915283,0.21589946746826172,0.0026814977172762156,7.741073131561279
71,7.7585015296936035,0.00010799999999999998,5870,1922.91328,7.535687446594238,0.22013142704963684,0.0026825377717614174,7.7585015296936035
72,7.904893398284912,0.00010949999999999999,5889,1922.849792,7.670542240142822,0.2316674441099167,0.002683816710487008,7.904893398284912
73,8.14284896850586,0.00011099999999999999,5907,1922.852352,7.918070316314697,0.22209575772285461,0.0026825943496078253,8.14284896850586
74,7.731149196624756,0.0001125,5926,1921.506304,7.481874942779541,0.24659116566181183,0.002683004131540656,7.731149196624756
75,8.06098747253418,0.00011399999999999999,5944,1920.818176,7.8270487785339355,0.23125670850276947,0.002681903773918748,8.06098747253418
76,7.795346736907959,0.00011549999999999999,5960,1922.700288,7.560535907745361,0.23212504386901855,0.002686161547899246,7.795346736907959
77,7.811202049255371,0.000117,5977,1919.893504,7.578845024108887,0.22967369854450226,0.0026830576825886965,7.811202049255371
78,7.728466987609863,0.0001185,5992,1918.818816,7.493415355682373,0.23237007856369019,0.0026816013269126415,7.728466987609863
79,7.769397735595703,0.00011999999999999999,6007,1920.305664,7.512831211090088,0.25387975573539734,0.0026869638822972775,7.769397735595703
80,7.9548258781433105,0.0001215,6021,1919.115776,7.717696189880371,0.23444458842277527,0.0026848420966416597,7.9548258781433105
81,7.805037975311279,0.00012299999999999998,6037,1918.568448,7.543548583984375,0.2588057518005371,0.0026837342884391546,7.805037975311279
82,7.678199291229248,0.0001245,6052,1920.621056,7.450713634490967,0.22480055689811707,0.002684912644326687,7.678199291229248
83,7.724768161773682,0.00012599999999999997,6067,1918.442496,7.488720417022705,0.23336364328861237,0.002684215782210231,7.724768161773682
84,7.644313335418701,0.00012749999999999998,6081,1917.932544,7.408207416534424,0.23342257738113403,0.0026832150761038065,7.644313335418701
85,7.669086456298828,0.000129,6095,1917.77024,7.4528303146362305,0.21357189118862152,0.0026840013451874256,7.669086456298828
86,7.482550621032715,0.0001305,6109,1918.81216,7.255953311920166,0.2239123284816742,0.0026851401198655367,7.482550621032715
87,7.816933631896973,0.00013199999999999998,6123,1919.27296,7.578690528869629,0.23555518686771393,0.0026877354830503464,7.816933631896973
88,7.4989013671875,0.0001335,6137,1918.901248,7.239142894744873,0.25707387924194336,0.0026847294066101313,7.4989013671875
89,7.541126251220703,0.000135,6151,1918.746624,7.312047481536865,0.2263912409543991,0.002687328727915883,7.541126251220703
90,7.530139923095703,0.00013649999999999998,6163,1919.683584,7.31028413772583,0.2171681970357895,0.0026873662136495113,7.530139923095703
91,7.466235637664795,0.000138,6175,1915.971584,7.230449676513672,0.2330990880727768,0.002687137806788087,7.466235637664795
92,7.535428047180176,0.0001395,6187,1919.081472,7.274245738983154,0.2584981620311737,0.0026842260267585516,7.535428047180176
93,7.418395519256592,0.00014099999999999998,6198,1920.165888,7.177565574645996,0.2381407916545868,0.0026894521433860064,7.418395519256592
94,7.531763553619385,0.0001425,6210,1917.147648,7.303645133972168,0.22543324530124664,0.002685204381123185,7.531763553619385
95,7.49692964553833,0.00014399999999999998,6221,1918.491136,7.250881195068359,0.24335680902004242,0.0026915676426142454,7.49692964553833
96,7.506210803985596,0.00014549999999999999,6232,1920.497664,7.276455879211426,0.2270645797252655,0.0026901974342763424,7.506210803985596
97,7.505621910095215,0.000147,6243,1919.312896,7.264184474945068,0.23875050246715546,0.0026870029978454113,7.505621910095215
98,7.48268461227417,0.00014849999999999998,6254,1919.097856,7.234277248382568,0.2457248419523239,0.0026827577967196703,7.48268461227417
99,7.361148834228516,0.00015,6266,1916.62592,7.129142761230469,0.22931693494319916,0.002689352724701166,7.361148834228516
100,7.316152572631836,0.0001515,6278,1919.49312,7.057733058929443,0.2557360529899597,0.0026834174059331417,7.316152572631836
101,7.36387300491333,0.00015299999999999998,6290,1921.999872,7.133188724517822,0.22799253463745117,0.0026916712522506714,7.36387300491333
102,7.670223712921143,0.0001545,6300,1924.171776,7.4337687492370605,0.233761265873909,0.002693446585908532,7.670223712921143
103,7.534208297729492,0.000156,6309,1924.078592,7.288662910461426,0.24285678565502167,0.002688489155843854,7.534208297729492
104,7.435276031494141,0.00015749999999999998,6319,1919.898624,7.188539981842041,0.24404792487621307,0.0026877890340983868,7.435276031494141
105,7.489141464233398,0.000159,6329,1921.649664,7.213531017303467,0.27292245626449585,0.0026879955548793077,7.489141464233398
106,7.6661376953125,0.0001605,6338,1921.608704,7.424080848693848,0.2393595576286316,0.0026976612862199545,7.6661376953125
107,7.564711570739746,0.000162,6348,1922.259968,7.340329170227051,0.22169354557991028,0.002689084969460964,7.564711570739746
108,7.390201568603516,0.0001635,6358,1918.65344,7.163485050201416,0.22402851283550262,0.002688142703846097,7.390201568603516
109,7.336232662200928,0.000165,6369,1918.501888,7.095552921295166,0.2379918396472931,0.002688156208023429,7.336232662200928
110,7.331567764282227,0.0001665,6378,1918.098432,7.103844165802002,0.22503505647182465,0.0026886167470365763,7.331567764282227
111,7.475900650024414,0.000168,6387,1917.943808,7.242969989776611,0.2302406281232834,0.0026899930089712143,7.475900650024414
112,7.439423561096191,0.00016949999999999997,6397,1919.72352,7.173367500305176,0.26336804032325745,0.0026878996286541224,7.439423561096191
113,7.654500961303711,0.00017099999999999998,6406,1917.312,7.421447277069092,0.23036174476146698,0.002691577887162566,7.654500961303711
114,7.90922737121582,0.00017249999999999996,6406,1917.2864,7.662553787231445,0.2439752072095871,0.002698534866794944,7.90922737121582
115,7.265239715576172,0.00017399999999999997,6415,1917.615616,7.030215740203857,0.23233386874198914,0.002690506400540471,7.265239715576172
116,7.229592323303223,0.00017549999999999998,6424,1919.097856,6.990694999694824,0.23620443046092987,0.0026926316786557436,7.229592323303223
117,7.311708450317383,0.00017699999999999997,6433,1918.770176,7.080182075500488,0.22883647680282593,0.002689636778086424,7.311708450317383
118,7.339369773864746,0.00017849999999999997,6441,1920.144384,7.112586975097656,0.22409170866012573,0.0026912030298262835,7.339369773864746
119,7.212151050567627,0.00017999999999999998,6449,1919.425536,6.980429172515869,0.2290332317352295,0.002689037239179015,7.212151050567627
120,7.571926593780518,0.00018149999999999997,6457,1920.9472,7.329551696777344,0.23968344926834106,0.0026914470363408327,7.571926593780518
121,7.409653186798096,0.00018299999999999998,6465,1924.30592,7.179919242858887,0.2270423024892807,0.0026917140930891037,7.409653186798096
122,7.353962421417236,0.00018449999999999999,6473,1921.60768,7.116289138793945,0.23498490452766418,0.0026882269885390997,7.353962421417236
123,7.399323463439941,0.000186,6481,1919.936,7.160204887390137,0.2364223599433899,0.002695996779948473,7.399323463439941
124,7.3619384765625,0.00018749999999999998,6489,1921.277952,7.126992225646973,0.23225083947181702,0.002695781644433737,7.3619384765625
125,7.371086120605469,0.00018899999999999999,6497,1920.4608,7.095946311950684,0.272451251745224,0.002688437467440963,7.371086120605469
126,7.268948554992676,0.0001905,6503,1917.359104,7.044658660888672,0.22159603238105774,0.002693719929084182,7.268948554992676
127,7.463441371917725,0.00019199999999999998,6511,1919.652864,7.226785659790039,0.23396453261375427,0.0026910733431577682,7.463441371917725
128,7.582412242889404,0.0001935,6519,1918.325248,7.346138000488281,0.23358272016048431,0.0026915273629128933,7.582412242889404
129,7.260281562805176,0.000195,6526,1916.345344,7.022926330566406,0.2346663773059845,0.002688707085326314,7.260281562805176
130,7.552090644836426,0.00019649999999999998,6531,1916.726272,7.311931610107422,0.23746389150619507,0.0026950242463499308,7.552090644836426
131,7.540505886077881,0.000198,6538,1917.118464,7.298927307128906,0.2388826310634613,0.002695865696296096,7.540505886077881
132,7.559511661529541,0.0001995,6545,1916.460032,7.316760540008545,0.2400616854429245,0.0026895904447883368,7.559511661529541
133,7.690654277801514,0.000201,6551,1916.722176,7.470818042755127,0.21714305877685547,0.0026930265594273806,7.690654277801514
134,7.111006259918213,0.0002025,6558,1916.60032,6.8612775802612305,0.24704252183437347,0.0026862300001084805,7.111006259918213
135,7.314032554626465,0.000204,6565,1916.314624,7.066104888916016,0.2452339380979538,0.00269381538964808,7.314032554626465
136,7.101587295532227,0.0002055,6572,1917.770752,6.868880271911621,0.23001742362976074,0.0026894565671682358,7.101587295532227
137,7.234968662261963,0.00020699999999999996,6578,1918.770176,7.006990432739258,0.2252851128578186,0.002693070797249675,7.234968662261963
138,7.041688442230225,0.00020849999999999997,6585,1917.14816,6.780765533447266,0.2582353353500366,0.00268761720508337,7.041688442230225
139,7.540780544281006,0.00020999999999999998,6591,1920.928768,7.294272422790527,0.24382100999355316,0.002687047468498349,7.540780544281006
140,7.243537902832031,0.00021149999999999996,6596,1921.04704,6.999486923217773,0.2413533478975296,0.002697326708585024,7.243537902832031
141,7.838735580444336,0.00021299999999999997,6603,1926.583296,7.608148574829102,0.22789397835731506,0.002692995360121131,7.838735580444336
142,7.0155792236328125,0.00021449999999999998,6609,1926.938624,6.76406192779541,0.2488228678703308,0.002694664988666773,7.0155792236328125
143,6.968005657196045,0.00021599999999999996,6615,1926.142976,6.720721244812012,0.24459491670131683,0.0026895389892160892,6.968005657196045
144,7.3007354736328125,0.00021749999999999997,6621,1922.864128,7.074044227600098,0.22399596869945526,0.002695116912946105,7.3007354736328125
145,7.454372406005859,0.00021899999999999998,6627,1919.947776,7.187601089477539,0.26407158374786377,0.002699758391827345,7.454372406005859
146,7.134728908538818,0.00022049999999999997,6633,1923.8656,6.916449546813965,0.2155861109495163,0.0026933588087558746,7.134728908538818
147,7.369349002838135,0.00022199999999999998,6638,1923.56864,7.116510391235352,0.2501440942287445,0.002694471273571253,7.369349002838135
148,7.411489963531494,0.00022349999999999998,6641,1924.104192,7.173025608062744,0.23577046394348145,0.002693881979212165,7.411489963531494
149,7.527499198913574,0.000225,6646,1922.270208,7.294920921325684,0.2298838496208191,0.002694463124498725,7.527499198913574
150,7.4071149826049805,0.00022649999999999998,6651,1921.714688,7.166943073272705,0.2374763786792755,0.0026956405490636826,7.4071149826049805
151,7.209560871124268,0.00022799999999999999,6655,1924.207104,6.974825859069824,0.23204098641872406,0.0026939131785184145,7.209560871124268
152,7.663313865661621,0.0002295,6660,1924.745216,7.4258575439453125,0.2347622662782669,0.0026940254028886557,7.663313865661621
153,7.229428291320801,0.00023099999999999998,6664,1922.104832,6.994151592254639,0.23258410394191742,0.0026926901191473007,7.229428291320801
154,7.200605392456055,0.00023249999999999999,6669,1920.162816,6.956366539001465,0.24154429137706757,0.0026948126032948494,7.200605392456055
155,7.0593695640563965,0.000234,6673,1920.357376,6.816644668579102,0.240029975771904,0.0026950170285999775,7.0593695640563965
156,6.94731330871582,0.00023549999999999998,6677,1919.664128,6.718794822692871,0.22582514584064484,0.002692998154088855,6.94731330871582
157,7.3116607666015625,0.000237,6682,1920.548864,7.071298122406006,0.23767045140266418,0.002692235866561532,7.3116607666015625
158,7.17058801651001,0.0002385,6686,1921.64864,6.947380542755127,0.22051547467708588,0.002692457055673003,7.17058801651001
159,6.993342876434326,0.00023999999999999998,6689,1921.11616,6.779252529144287,0.21139883995056152,0.0026917748618870974,6.993342876434326
160,7.041347980499268,0.0002415,6692,1921.719296,6.829297065734863,0.2093605399131775,0.0026905203703790903,7.041347980499268
161,7.2797675132751465,0.000243,6696,1920.494592,7.061074733734131,0.2160024344921112,0.002690208377316594,7.2797675132751465
162,7.244422435760498,0.0002445,6700,1922.259456,7.018903732299805,0.22282618284225464,0.0026928966399282217,7.244422435760498
163,7.234169006347656,0.00024599999999999996,6704,1922.80064,7.0126953125,0.21878306567668915,0.002690681489184499,7.234169006347656
164,6.798570156097412,0.00024749999999999994,6706,1923.603456,6.568486213684082,0.22739118337631226,0.002692657755687833,6.798570156097412
165,7.260148048400879,0.000249,6710,1922.852352,7.042473793029785,0.2149839997291565,0.0026903063990175724,7.260148048400879
166,6.988183975219727,0.00025049999999999996,6713,1924.340736,6.75398063659668,0.23151004314422607,0.0026929464656859636,6.988183975219727
167,6.850847244262695,0.00025199999999999995,6716,1921.639424,6.627424240112305,0.2207319587469101,0.0026910449378192425,6.850847244262695
168,7.365394592285156,0.0002535,6720,1920.328704,7.125648498535156,0.23705574870109558,0.002690223278477788,7.365394592285156
169,7.009862899780273,0.00025499999999999996,6724,1921.291264,6.777220726013184,0.22995227575302124,0.0026896160561591387,7.009862899780273
170,7.306582450866699,0.00025649999999999995,6727,1921.995776,7.0799360275268555,0.22395987808704376,0.002686677733436227,7.306582450866699
171,7.131711483001709,0.000258,6730,1920.574976,6.915266036987305,0.2137560248374939,0.0026895541232079268,7.131711483001709
172,6.966331481933594,0.00025949999999999997,6733,1923.67104,6.7427520751953125,0.22089116275310516,0.0026882649399340153,6.966331481933594
173,7.0890583992004395,0.000261,6736,1919.987712,6.873692035675049,0.21267791092395782,0.0026885741390287876,7.0890583992004395
174,7.303247928619385,0.0002625,6739,1919.06816,7.086669921875,0.21389037370681763,0.0026874798350036144,7.303247928619385
175,7.542385578155518,0.00026399999999999997,6742,1921.801216,7.324450969696045,0.21524398028850555,0.0026910000015050173,7.542385578155518
176,7.4811177253723145,0.0002655,6744,1922.779136,7.253399848937988,0.22503091394901276,0.002687147120013833,7.4811177253723145
177,7.145506381988525,0.000267,6747,1921.93536,6.926885604858398,0.21593043208122253,0.002690280554816127,7.145506381988525
178,6.955613613128662,0.00026849999999999997,6749,1920.707072,6.725287437438965,0.22763480246067047,0.0026911948807537556,6.955613613128662
179,6.8697896003723145,0.00027,6751,1922.148352,6.650343894958496,0.21675589680671692,0.00268995831720531,6.8697896003723145
180,7.114694595336914,0.0002715,6754,1922.562048,6.896630764007568,0.21537476778030396,0.002688777633011341,7.114694595336914
181,6.893522262573242,0.00027299999999999997,6757,1923.161088,6.675284385681152,0.21554797887802124,0.0026897210627794266,6.893522262573242
182,7.177552700042725,0.0002745,6759,1923.421184,6.9623308181762695,0.2125328928232193,0.0026891047600656748,7.177552700042725
183,7.0255584716796875,0.000276,6762,1922.87744,6.804556846618652,0.2183115929365158,0.0026899471413344145,7.0255584716796875
184,6.756131649017334,0.00027749999999999997,6764,1920.622592,6.539615631103516,0.21382707357406616,0.002688725246116519,6.756131649017334
185,7.331367015838623,0.000279,6766,1921.400832,7.102205276489258,0.22647042572498322,0.002691335743293166,7.331367015838623
186,6.71111536026001,0.0002805,6769,1923.716096,6.497132778167725,0.21129396557807922,0.0026885378174483776,6.71111536026001
187,6.9784111976623535,0.00028199999999999997,6772,1920.04096,6.742770195007324,0.23294618725776672,0.0026944312267005444,6.9784111976623535
188,6.863874435424805,0.00028349999999999995,6775,1920.275456,6.650776386260986,0.21040694415569305,0.002691212110221386,6.863874435424805
189,7.050893306732178,0.000285,6779,1922.241536,6.828700542449951,0.21950240433216095,0.002690107561647892,7.050893306732178
190,6.707071304321289,0.00028649999999999997,6782,1922.596352,6.48067045211792,0.22371165454387665,0.0026892938185483217,6.707071304321289
191,6.90476131439209,0.00028799999999999995,6785,1920.83456,6.69613790512085,0.2059326171875,0.002690748078748584,6.90476131439209
192,6.978140830993652,0.0002895,6788,1919.675392,6.768406391143799,0.20704343914985657,0.002690654480829835,6.978140830993652
193,6.798061847686768,0.00029099999999999997,6790,1919.921152,6.585179328918457,0.21019166707992554,0.0026906549464911222,6.798061847686768
194,6.820831298828125,0.00029249999999999995,6792,1918.526464,6.608523368835449,0.20961697399616241,0.0026906870771199465,6.820831298828125
195,7.122349739074707,0.000294,6795,1920.827392,6.9074015617370605,0.21225421130657196,0.0026940759271383286,7.122349739074707
196,6.937106609344482,0.00029549999999999997,6797,1918.154752,6.71771240234375,0.21670274436473846,0.00269146217033267,6.937106609344482
197,6.885712623596191,0.00029699999999999996,6799,1919.319552,6.673443794250488,0.20957697927951813,0.0026915231719613075,6.885712623596191
198,6.823376178741455,0.0002985,6801,1919.7184,6.59976863861084,0.2209147959947586,0.0026925939600914717,6.823376178741455
199,7.2665696144104,0.0003,6804,1916.986368,7.046384811401367,0.21749192476272583,0.002692620735615492,7.2665696144104
200,6.601752281188965,0.0002999333856493737,6807,1919.717888,6.383862495422363,0.21519920229911804,0.0026906051207333803,6.601752281188965
201,6.880509853363037,0.00029973360833781664,6809,1918.852096,6.665970802307129,0.211849182844162,0.0026899557560682297,6.880509853363037
202,6.739862442016602,0.0002994008652214158,6811,1918.08,6.523462295532227,0.21371036767959595,0.00268965563736856,6.739862442016602
203,7.052025318145752,0.0002989354846774545,6814,1919.043584,6.835156440734863,0.21417897939682007,0.0026897296775132418,7.052025318145752
204,6.493987083435059,0.0002983379259803436,6817,1919.884288,6.280655384063721,0.21064230799674988,0.0026895387563854456,6.493987083435059
205,7.0068278312683105,0.00029760877884837294,6819,1920.064512,6.795362949371338,0.20877811312675476,0.0026871669106185436,7.0068278312683105
206,6.989125728607178,0.00029674876286173087,6821,1918.358528,6.776074409484863,0.21036359667778015,0.002687821164727211,6.989125728607178
207,7.307944297790527,0.0002957587267523652,6823,1920.982016,7.097643852233887,0.20761187374591827,0.0026885566767305136,7.307944297790527
208,6.344496250152588,0.00029463964756638725,6826,1921.52064,6.128498077392578,0.21330925822257996,0.002688921522349119,6.344496250152588
209,6.917850017547607,0.0002933926296998457,6828,1920.335872,6.695472717285156,0.2196875959634781,0.0026897622738033533,6.917850017547607
210,6.673727512359619,0.00029201890380882044,6831,1922.57536,6.455955505371094,0.21508139371871948,0.002690640976652503,6.673727512359619
211,6.775323390960693,0.00029051982559491393,6832,1921.620992,6.561679840087891,0.21095582842826843,0.002688091015443206,6.775323390960693
212,6.755490779876709,0.00028889687446733743,6834,1919.190016,6.541531562805176,0.21127021312713623,0.0026889180298894644,6.755490779876709
213,6.892959117889404,0.00028715165208291265,6836,1919.58016,6.681150436401367,0.20912037789821625,0.0026882400270551443,6.892959117889404
214,7.057613372802734,0.00028528588076542964,6838,1918.18752,6.834909439086914,0.22001565992832184,0.002688187872990966,7.057613372802734
215,6.833575248718262,0.00028330140180592156,6840,1920.310272,6.605908393859863,0.22497771680355072,0.0026893788017332554,6.833575248718262
216,6.681604385375977,0.00028120017364553237,6842,1925.543936,6.4636383056640625,0.21527709066867828,0.002688976703211665,6.681604385375977
217,6.745728015899658,0.00027898426994277204,6845,1919.743488,6.5345659255981445,0.20847320556640625,0.0026888453867286444,6.745728015899658
218,6.732641220092773,0.00027665587752706577,6847,1917.485056,6.522828102111816,0.20712406933307648,0.0026889806613326073,6.732641220092773
219,6.853432655334473,0.00027421729424061787,6849,1916.8512,6.645602226257324,0.20514163374900818,0.0026888414286077023,6.853432655334473
220,6.87058162689209,0.0002716709266707182,6852,1916.895232,6.639044761657715,0.22884690761566162,0.0026899713557213545,6.87058162689209
221,6.711166858673096,0.0002690192877747315,6853,1918.278656,6.494699954986572,0.21377824246883392,0.002688717795535922,6.711166858673096
222,6.6654839515686035,0.000266264994400112,6855,1918.631936,6.447720527648926,0.21507485210895538,0.002688600681722164,6.6654839515686035
223,6.526921272277832,0.0002634107647018905,6856,1917.623296,6.3151702880859375,0.2090630680322647,0.002687909873202443,6.526921272277832
224,6.989262580871582,0.0002604594154601839,6858,1919.688704,6.774545669555664,0.21202853322029114,0.00268822954967618,6.989262580871582
225,6.6774702072143555,0.00025741385930037295,6860,1918.582784,6.464234352111816,0.21054697036743164,0.0026886749546974897,6.6774702072143555
226,6.7933244705200195,0.000254277101818693,6863,1920.04608,6.571771621704102,0.218863844871521,0.0026888290885835886,6.7933244705200195
227,6.6156768798828125,0.00025105223861607306,6865,1919.097856,6.4067840576171875,0.206205815076828,0.002687135711312294,6.6156768798828125
228,6.609382629394531,0.0002477424522431518,6866,1918.584832,6.394494533538818,0.21220077574253082,0.0026875711046159267,6.609382629394531
229,6.765414714813232,0.00024435100905948387,6867,1920.9472,6.548625946044922,0.21410100162029266,0.0026878633070737123,6.765414714813232
230,6.60349178314209,0.0002408812560100376,6868,1919.66208,6.393999099731445,0.20680493116378784,0.0026881000958383083,6.60349178314209
231,6.783682823181152,0.00023733661732216452,6868,1920.523264,6.570250034332275,0.2107440084218979,0.0026887247804552317,6.783682823181152
232,6.509243965148926,0.0002337205911263001,6866,1918.016512,6.298160552978516,0.2083950787782669,0.0026882831007242203,6.509243965148926
233,6.857576370239258,0.00023003674600373153,6866,1919.576064,6.648731231689453,0.20615646243095398,0.0026887464337050915,6.857576370239258
234,6.498656272888184,0.0002262887174648388,6865,1922.112512,6.2849225997924805,0.21104376018047333,0.002689747605472803,6.498656272888184
235,6.520382404327393,0.00022248020436128478,6864,1920.603136,6.306310653686523,0.21138206124305725,0.002689989050850272,6.520382404327393
236,6.79860258102417,0.00021861496523569536,6865,1918.068736,6.58730411529541,0.20860934257507324,0.002688769716769457,6.79860258102417
237,6.67004919052124,0.00021469681461243153,6866,1918.660608,6.455479621887207,0.21187938749790192,0.0026901266537606716,6.67004919052124
238,6.699770450592041,0.00021072961923311432,6866,1923.081216,6.488152027130127,0.20893016457557678,0.002688371343538165,6.699770450592041
239,6.262959003448486,0.00020671729424061788,6866,1921.375232,6.051365852355957,0.20890463888645172,0.002688259119167924,6.262959003448486
240,6.843806266784668,0.00020266379931529595,6868,1920.274944,6.630165100097656,0.21095281839370728,0.002688321517780423,6.843806266784668
241,6.581453323364258,0.0001985731347672554,6870,1918.86848,6.369573593139648,0.20919114351272583,0.0026882141828536987,6.581453323364258
242,6.577942848205566,0.00019444933758853324,6872,1921.963008,6.3618927001953125,0.21336115896701813,0.002688855864107609,6.577942848205566
243,6.494442462921143,0.00019029647746907283,6874,1921.68448,6.279547691345215,0.21220487356185913,0.0026898086071014404,6.494442462921143
244,6.712768077850342,0.00018611865278043117,6876,1919.587328,6.506402492523193,0.203677237033844,0.0026885175611823797,6.712768077850342
245,6.701494216918945,0.00018191998653118108,6878,1919.917056,6.490712642669678,0.2080942839384079,0.0026873324532061815,6.701494216918945
246,6.6082377433776855,0.00017770462229799944,6880,1918.915584,6.397569179534912,0.2079797387123108,0.002689052140340209,6.6082377433776855
247,6.75851583480835,0.0001734767201364573,6882,1920.686592,6.539772033691406,0.21605484187602997,0.002689035376533866,6.75851583480835
248,6.643087387084961,0.0001692404524755473,6884,1918.020608,6.430852890014648,0.20954495668411255,0.0026891876477748156,6.643087387084961
249,6.668195724487305,0.000165,6885,1920.86016,6.459537506103516,0.20597131550312042,0.0026870814617723227,6.668195724487305
250,6.5598015785217285,0.00016075954752445268,6886,1920.907264,6.347618103027344,0.20949284732341766,0.0026907059364020824,6.5598015785217285
251,6.325991630554199,0.0001565232798635427,6887,1920.361472,6.104175567626953,0.21912555396556854,0.002690311288461089,6.325991630554199
252,6.318892478942871,0.00015229537770200055,6888,1921.253376,6.108048439025879,0.20815584063529968,0.0026885399129241705,6.318892478942871
253,6.5844502449035645,0.0001480800134688189,6889,1924.96128,6.377131938934326,0.20462976396083832,0.002688515465706587,6.5844502449035645
254,6.4128570556640625,0.0001438813472195688,6891,1924.292608,6.2028703689575195,0.20729823410511017,0.0026882512029260397,6.4128570556640625
255,6.756575584411621,0.00013970352253092714,6893,1923.4048,6.549209117889404,0.20467819273471832,0.0026885459665209055,6.756575584411621
256,6.496730327606201,0.00013555066241146679,6893,1922.290688,6.273636341094971,0.22040559351444244,0.002688374137505889,6.496730327606201
257,6.544188976287842,0.00013142686523274463,6895,1920.0512,6.333950996398926,0.20755040645599365,0.0026873662136495113,6.544188976287842
258,6.877988338470459,0.00012733620068470405,6896,1921.143296,6.66618013381958,0.20912061631679535,0.002687264233827591,6.877988338470459
259,6.453556537628174,0.00012328270575938212,6897,1919.137792,6.2435383796691895,0.20733019709587097,0.002687909873202443,6.453556537628174
260,6.533410549163818,0.00011927038076688566,6897,1919.598592,6.320214748382568,0.21050862967967987,0.002686996478587389,6.533410549163818
261,6.3883538246154785,0.00011530318538756846,6899,1919.090688,6.1786580085754395,0.20700816810131073,0.0026876386255025864,6.3883538246154785
262,6.668046474456787,0.00011138503476430461,6900,1917.485056,6.459563255310059,0.20579597353935242,0.00268763629719615,6.668046474456787
263,6.617545127868652,0.00010751979563871518,6902,1920.736256,6.410975933074951,0.2038833498954773,0.0026860847137868404,6.617545127868652
264,6.5008134841918945,0.00010371128253516118,6903,1918.823424,6.29361629486084,0.20451049506664276,0.0026864877436310053,6.5008134841918945
265,6.679543972015381,9.996325399626841e-05,6904,1921.613824,6.464224815368652,0.21263162791728973,0.0026876344345510006,6.679543972015381
266,6.504339218139648,9.627940887369988e-05,6905,1915.624448,6.296260356903076,0.20539158582687378,0.002687387401238084,6.504339218139648
267,6.520919322967529,9.266338267783541e-05,6907,1915.944448,6.313691139221191,0.20454032719135284,0.002687956439331174,6.520919322967529
268,6.353738307952881,8.91187439899624e-05,6908,1917.983744,6.144512176513672,0.20653904974460602,0.002687192987650633,6.353738307952881
269,6.407004356384277,8.564899094051614e-05,6909,1917.2608,6.202518463134766,0.20179866254329681,0.002687307307496667,6.407004356384277
270,6.363980770111084,8.22575477568482e-05,6911,1917.049856,6.150522232055664,0.21077145636081696,0.0026868004351854324,6.363980770111084
271,6.772582530975342,7.894776138392688e-05,6913,1917.312,6.563473701477051,0.20642226934432983,0.002686581574380398,6.772582530975342
272,6.622854232788086,7.572289818130702e-05,6914,1919.516672,6.410571098327637,0.2095969021320343,0.002685833489522338,6.622854232788086
273,6.565263271331787,7.258614069962701e-05,6916,1919.724544,6.357836723327637,0.20474036037921906,0.0026862304657697678,6.565263271331787
274,6.584519386291504,6.954058453981609e-05,6917,1920.244224,6.377551078796387,0.2042812705039978,0.0026869620196521282,6.584519386291504
275,6.520174980163574,6.658923529810946e-05,6919,1919.49824,6.312496185302734,0.20499129593372345,0.0026872518938034773,6.520174980163574
276,6.555403232574463,6.373500559988797e-05,6920,1921.957888,6.349099636077881,0.20361684262752533,0.002687175525352359,6.555403232574463
277,6.432969093322754,6.098071222526847e-05,6922,1922.12992,6.225738048553467,0.20454499125480652,0.0026860935613512993,6.432969093322754
278,6.54141092300415,5.832907332928179e-05,6923,1923.006464,6.330380439758301,0.20834411680698395,0.002686426043510437,6.54141092300415
279,6.429596424102783,5.578270575938211e-05,6924,1921.461248,6.223844051361084,0.2030658721923828,0.0026863967068493366,6.429596424102783
280,6.450018882751465,5.3344122472934134e-05,6926,1923.505152,6.240262985229492,0.20706777274608612,0.002687796950340271,6.450018882751465
281,6.515963554382324,5.1015730057227994e-05,6928,1919.794688,6.306555271148682,0.20672062039375305,0.002687290543690324,6.515963554382324
282,6.616387367248535,4.879982635446762e-05,6929,1917.63968,6.411708831787109,0.2019936442375183,0.002685201819986105,6.616387367248535
283,6.2458391189575195,4.669859819407843e-05,6930,1919.598592,6.040953636169434,0.20219840109348297,0.0026869107969105244,6.2458391189575195
284,6.4624104499816895,4.471411923457034e-05,6931,1919.649792,6.257219314575195,0.20250453054904938,0.002686576684936881,6.4624104499816895
285,6.71469783782959,4.2848347917087386e-05,6932,1920.111616,6.509181976318359,0.2028297334909439,0.0026859205681830645,6.71469783782959
286,6.324498653411865,4.110312553266254e-05,6934,1917.5936,6.119227409362793,0.20258410274982452,0.00268681556917727,6.324498653411865
287,6.401090145111084,3.948017440508607e-05,6935,1920.2048,6.195673942565918,0.20273041725158691,0.0026859864592552185,6.401090145111084
288,6.543153762817383,3.798109619117956e-05,6935,1919.65696,6.337995529174805,0.20247149467468262,0.002686346648260951,6.543153762817383
289,6.536965370178223,3.660737030015427e-05,6936,1920.128,6.326651096343994,0.20762969553470612,0.002684807637706399,6.536965370178223
290,6.370806694030762,3.536035243361268e-05,6937,1918.24896,6.166186332702637,0.20193414390087128,0.0026859655044972897,6.370806694030762
291,6.234601020812988,3.4241273247634805e-05,6938,1920.42496,6.028972625732422,0.2029419243335724,0.002686678431928158,6.234601020812988
292,6.3533124923706055,3.3251237138269095e-05,6938,1920.303104,6.146838188171387,0.20378760993480682,0.0026863382663577795,6.3533124923706055
293,6.1013360023498535,3.2391221151627036e-05,6939,1918.08,5.8957929611206055,0.20285624265670776,0.002686748281121254,6.1013360023498535
294,6.807663917541504,3.1662074019656414e-05,6941,1917.804544,6.599908828735352,0.20507150888442993,0.0026836004108190536,6.807663917541504
295,6.242569923400879,3.10645153225455e-05,6942,1919.951872,6.037878036499023,0.202005073428154,0.0026868991553783417,6.242569923400879
296,6.605575084686279,3.05991347785842e-05,6943,1917.706752,6.400927543640137,0.20196090638637543,0.00268630962818861,6.605575084686279
297,6.470108985900879,3.0266391662183335e-05,6944,1917.059072,6.2651472091674805,0.20227472484111786,0.002686836291104555,6.470108985900879
298,6.288699150085449,3.0066614350626232e-05,6946,1920.925696,6.084148406982422,0.2018638402223587,0.002687139203771949,6.288699150085449
299,6.576964378356934,2.9999999999999997e-05,6947,1921.817088,6.372213840484619,0.20206372439861298,0.0026871226727962494,6.576964378356934
